<?xml version="1.0" encoding="utf-8"?>
<extension group="system" method="upgrade" type="plugin" version="3">
	<name>plg_system_phocaupgrade</name>
	<creationDate>10/03/2014</creationDate>
	<author>Jan Pavelka (www.phoca.cz)</author>
	<authorEmail></authorEmail>
	<authorUrl>www.phoca.cz</authorUrl>
	<copyright>Jan Pavelka</copyright>
	<license>GNU/GPL</license>
	<version>3.0.2</version>
	
	<description>PLG_SYSTEM_PHOCAUPGRADE_DESCRIPTION</description>
	
	<files>
		<filename plugin="phocaupgrade">phocaupgrade.php</filename>
		<filename >index.html</filename>
	</files>
	
	<languages>
		<language tag="en-GB">language/en-GB/en-GB.plg_system_phocaupgrade.ini</language>
		<language tag="en-GB">language/en-GB/en-GB.plg_system_phocaupgrade.sys.ini</language>
	</languages>
	
	<administration>
		<languages>
			<language tag="en-GB">language/en-GB/en-GB.plg_system_phocaupgrade.ini</language>
			<language tag="en-GB">language/en-GB/en-GB.plg_system_phocaupgrade.sys.ini</language>
		</languages>
	</administration>
	
<config>
		<fields name="params" >
			<fieldset name="basic">	
		
			<field name="template_style" type="templatestyle"
				client="site"
				description="PLG_SYSTEM_PHOCAUPGRADE_TEMPLATE_DESC"
				label="PLG_SYSTEM_PHOCAUPGRADE_TEMPLATE_DESC"
			><option value="-1">PLG_SYSTEM_PHOCAUPGRADE_ALL</option>
			</field>
			
		
			</fieldset>
		</fields>
	</config>
</extension>